,year,revenue,profit
0,2018,238046.85661692516,-266953.14338307484
1,2019,215690.90906387623,-56262.234319198615
2,2020,231129.5760010508,169867.34168185218
